{"cameraMode":{"drawMode":0,"name":"Shaded","section":"Shading Mode"},"sceneLighting":false,"audioPlay":false,"sceneViewState":{"showFog":false,"showMaterialUpdate":false,"showSkybox":false,"showFlares":false,"showImageEffects":false,"showParticleSystems":false},"in2DMode":false,"pivot":{"x":0.0,"y":-0.01899999938905239,"z":0.7229999899864197},"rotation":{"x":0.43129587173461916,"y":-0.0009668415877968073,"z":0.00046181833022274077,"w":0.9022099375724793},"size":7.820610046386719,"orthographic":true}