{"cameraMode":{"drawMode":3,"name":"Shadow Cascades","section":"Miscellaneous"},"sceneLighting":true,"audioPlay":false,"sceneViewState":{"showFog":true,"showMaterialUpdate":false,"showSkybox":true,"showFlares":true,"showImageEffects":true,"showParticleSystems":true},"in2DMode":false,"pivot":{"x":5.822140693664551,"y":-5.265064239501953,"z":12.065225601196289},"rotation":{"x":-0.19399264454841615,"y":-0.25844806432724,"z":0.05306302756071091,"w":-0.9448575377464294},"size":106.67217254638672,"orthographic":false}